<?xml version="1.0"?>
<Usuarios>
  <usuario>
    <id>74</id>
    <usuario>juan</usuario>
    <clave>202cb962ac59075b964b07152d234b70</clave>
    <googleDriveId>101176667724903860376</googleDriveId>
    <refresh_token>1/32TOpgc6PwL6jxpHYwHjLRKh7sG-VzReti0kkg3ZjLI</refresh_token>
    <access_token>ya29.AHES6ZRW8M92iAVrXZBYJHQSjSTA-BqqIXv50pIaFWWuYxIj11Jf2Gk</access_token>
    <created>1357965675</created>
    <expires_in>3600</expires_in>
    <fechaCreacion>2013-01-10 01:16:03</fechaCreacion>
    <Etiquetas>
      <etiqueta>
        <id>15</id>
        <nombre>juan</nombre>
        <fechaCreacion>2013-01-10 01:16:03</fechaCreacion>
        <fechaEdicion>2013-01-10 01:16:03</fechaEdicion>
        <usuarioId>74</usuarioId>
      </etiqueta>
      <etiqueta>
        <id>16</id>
        <nombre>test</nombre>
        <fechaCreacion>2013-01-10 01:16:03</fechaCreacion>
        <fechaEdicion>2013-01-10 01:16:03</fechaEdicion>
        <usuarioId>74</usuarioId>
      </etiqueta>
      <etiqueta>
        <id>17</id>
        <nombre>123</nombre>
        <fechaCreacion>2013-01-10 01:16:03</fechaCreacion>
        <fechaEdicion>2013-01-10 02:10:58</fechaEdicion>
        <usuarioId>74</usuarioId>
      </etiqueta>
      <etiqueta>
        <id>18</id>
        <nombre>qwer</nombre>
        <fechaCreacion>2013-01-10 01:16:03</fechaCreacion>
        <fechaEdicion>2013-01-10 01:16:03</fechaEdicion>
        <usuarioId>74</usuarioId>
      </etiqueta>
      <etiqueta>
        <id>20</id>
        <nombre>eew</nombre>
        <fechaCreacion>2013-01-10 01:16:03</fechaCreacion>
        <fechaEdicion>2013-01-10 01:16:03</fechaEdicion>
        <usuarioId>74</usuarioId>
      </etiqueta>
      <etiqueta>
        <id>21</id>
        <nombre>oiu</nombre>
        <fechaCreacion>2013-01-10 01:16:03</fechaCreacion>
        <fechaEdicion>2013-01-10 01:16:03</fechaEdicion>
        <usuarioId>74</usuarioId>
      </etiqueta>
      <etiqueta>
        <id>23</id>
        <nombre>aju</nombre>
        <fechaCreacion>2013-01-10 01:50:28</fechaCreacion>
        <fechaEdicion>2013-01-10 01:50:28</fechaEdicion>
        <usuarioId>74</usuarioId>
      </etiqueta>
      <etiqueta>
        <id>24</id>
        <nombre>tfyg</nombre>
        <fechaCreacion>2013-01-10 02:03:30</fechaCreacion>
        <fechaEdicion>2013-01-10 02:03:30</fechaEdicion>
        <usuarioId>74</usuarioId>
      </etiqueta>
      <etiqueta>
        <id>25</id>
        <nombre>hbjnk</nombre>
        <fechaCreacion>2013-01-10 02:03:30</fechaCreacion>
        <fechaEdicion>2013-01-10 02:03:30</fechaEdicion>
        <usuarioId>74</usuarioId>
      </etiqueta>
      <etiqueta>
        <id>26</id>
        <nombre>alone</nombre>
        <fechaCreacion>2013-01-10 02:11:12</fechaCreacion>
        <fechaEdicion>2013-01-10 02:11:12</fechaEdicion>
        <usuarioId>74</usuarioId>
      </etiqueta>
    </Etiquetas>
    <Agendas>
      <agenda>
        <id>499</id>
        <nombre>agenda uno</nombre>
        <fechaCreacion>2013-01-10 01:16:03</fechaCreacion>
        <fechaEdicion>2013-01-10 01:16:03</fechaEdicion>
        <usuarioId>74</usuarioId>
        <googleDriveId>0B4SDkBteLMNhTnJVRE4wUXVIWEk</googleDriveId>
        <Notas>
          <nota>
            <id>83</id>
            <titulo>nota test uno</titulo>
            <texto>knwknkn</texto>
            <fechaCreacion>2013-01-10 01:16:03</fechaCreacion>
            <fechaEdicion>2013-01-10 01:16:03</fechaEdicion>
            <agendaId>499</agendaId>
            <googleDriveId>0B4SDkBteLMNhTzFOZDVnSHRBcXc</googleDriveId>
            <Etiquetas_Nota>
              <etiqueta>
                <id>15</id>
                <nombre>juan</nombre>
                <fechaCreacion>2013-01-10 01:16:03</fechaCreacion>
                <fechaEdicion>2013-01-10 01:16:03</fechaEdicion>
                <usuarioId>74</usuarioId>
              </etiqueta>
              <etiqueta>
                <id>16</id>
                <nombre>test</nombre>
                <fechaCreacion>2013-01-10 01:16:03</fechaCreacion>
                <fechaEdicion>2013-01-10 01:16:03</fechaEdicion>
                <usuarioId>74</usuarioId>
              </etiqueta>
            </Etiquetas_Nota>
            <Adjuntos>
              <adjunto>
                <id>76</id>
                <googleDriveId>0B4SDkBteLMNhZ0FnN0hHUDJCcG8</googleDriveId>
                <fechaCreacion>2013-01-10 01:16:03</fechaCreacion>
                <notaId>83</notaId>
                <titulo>Pensive Parakeet.jpg</titulo>
                <linkDescarga>https://docs.google.com/uc?id=0B4SDkBteLMNhZ0FnN0hHUDJCcG8&amp;export=download</linkDescarga>
              </adjunto>
              <adjunto>
                <id>77</id>
                <googleDriveId>0B4SDkBteLMNhSzRZM2JpUXVLdXM</googleDriveId>
                <fechaCreacion>2013-01-10 01:16:03</fechaCreacion>
                <notaId>83</notaId>
                <titulo>Boston City Flow.jpg</titulo>
                <linkDescarga>https://docs.google.com/uc?id=0B4SDkBteLMNhSzRZM2JpUXVLdXM&amp;export=download</linkDescarga>
              </adjunto>
            </Adjuntos>
          </nota>
          <nota>
            <id>84</id>
            <titulo>nota 2</titulo>
            <texto>lmlm</texto>
            <fechaCreacion>2013-01-10 01:16:03</fechaCreacion>
            <fechaEdicion>2013-01-10 01:16:03</fechaEdicion>
            <agendaId>499</agendaId>
            <googleDriveId>0B4SDkBteLMNhU09oYmhGeld4RUE</googleDriveId>
            <Etiquetas_Nota>
              <etiqueta>
                <id>17</id>
                <nombre>123</nombre>
                <fechaCreacion>2013-01-10 01:16:03</fechaCreacion>
                <fechaEdicion>2013-01-10 02:10:58</fechaEdicion>
                <usuarioId>74</usuarioId>
              </etiqueta>
              <etiqueta>
                <id>18</id>
                <nombre>qwer</nombre>
                <fechaCreacion>2013-01-10 01:16:03</fechaCreacion>
                <fechaEdicion>2013-01-10 01:16:03</fechaEdicion>
                <usuarioId>74</usuarioId>
              </etiqueta>
            </Etiquetas_Nota>
            <Adjuntos>
              <adjunto>
                <id>78</id>
                <googleDriveId>0B4SDkBteLMNhZE1oanN4UjFDOHc</googleDriveId>
                <fechaCreacion>2013-01-10 01:16:03</fechaCreacion>
                <notaId>84</notaId>
                <titulo>Chrysanthemum.jpg</titulo>
                <linkDescarga>https://docs.google.com/uc?id=0B4SDkBteLMNhZE1oanN4UjFDOHc&amp;export=download</linkDescarga>
              </adjunto>
              <adjunto>
                <id>79</id>
                <googleDriveId>0B4SDkBteLMNheXV0d3hRb0dqdzg</googleDriveId>
                <fechaCreacion>2013-01-10 01:16:03</fechaCreacion>
                <notaId>84</notaId>
                <titulo>Jellyfish.jpg</titulo>
                <linkDescarga>https://docs.google.com/uc?id=0B4SDkBteLMNheXV0d3hRb0dqdzg&amp;export=download</linkDescarga>
              </adjunto>
            </Adjuntos>
          </nota>
        </Notas>
      </agenda>
      <agenda>
        <id>500</id>
        <nombre>agenda dos</nombre>
        <fechaCreacion>2013-01-10 01:16:03</fechaCreacion>
        <fechaEdicion>2013-01-10 01:16:03</fechaEdicion>
        <usuarioId>74</usuarioId>
        <googleDriveId>0B4SDkBteLMNhLXhaWmxZcUNmd1k</googleDriveId>
        <Notas>
          <nota>
            <id>85</id>
            <titulo>agenda nota 2</titulo>
            <texto>deee</texto>
            <fechaCreacion>2013-01-10 01:16:03</fechaCreacion>
            <fechaEdicion>2013-01-10 01:16:03</fechaEdicion>
            <agendaId>500</agendaId>
            <googleDriveId>0B4SDkBteLMNhb0ZtWFZuWjdjczA</googleDriveId>
            <Etiquetas_Nota>
              <etiqueta>
                <id>20</id>
                <nombre>eew</nombre>
                <fechaCreacion>2013-01-10 01:16:03</fechaCreacion>
                <fechaEdicion>2013-01-10 01:16:03</fechaEdicion>
                <usuarioId>74</usuarioId>
              </etiqueta>
            </Etiquetas_Nota>
            <Adjuntos>
              <adjunto>
                <id>80</id>
                <googleDriveId>0B4SDkBteLMNhZzJCMWRDYVgzLWM</googleDriveId>
                <fechaCreacion>2013-01-10 01:16:03</fechaCreacion>
                <notaId>85</notaId>
                <titulo>Pensive Parakeet.jpg</titulo>
                <linkDescarga>https://docs.google.com/uc?id=0B4SDkBteLMNhZzJCMWRDYVgzLWM&amp;export=download</linkDescarga>
              </adjunto>
              <adjunto>
                <id>81</id>
                <googleDriveId>0B4SDkBteLMNhQ1NyX21hbGxPZWs</googleDriveId>
                <fechaCreacion>2013-01-10 01:16:03</fechaCreacion>
                <notaId>85</notaId>
                <titulo>Costa Rican Frog.jpg</titulo>
                <linkDescarga>https://docs.google.com/uc?id=0B4SDkBteLMNhQ1NyX21hbGxPZWs&amp;export=download</linkDescarga>
              </adjunto>
            </Adjuntos>
          </nota>
          <nota>
            <id>86</id>
            <titulo>agenda nota 2.1</titulo>
            <texto>ld</texto>
            <fechaCreacion>2013-01-10 01:16:03</fechaCreacion>
            <fechaEdicion>2013-01-10 01:16:03</fechaEdicion>
            <agendaId>500</agendaId>
            <googleDriveId>0B4SDkBteLMNheXZ4OGNmY0xoWTg</googleDriveId>
            <Etiquetas_Nota>
              <etiqueta>
                <id>21</id>
                <nombre>oiu</nombre>
                <fechaCreacion>2013-01-10 01:16:03</fechaCreacion>
                <fechaEdicion>2013-01-10 01:16:03</fechaEdicion>
                <usuarioId>74</usuarioId>
              </etiqueta>
            </Etiquetas_Nota>
            <Adjuntos>
              <adjunto>
                <id>82</id>
                <googleDriveId>0B4SDkBteLMNhRi1LdUVZNHJ4YWM</googleDriveId>
                <fechaCreacion>2013-01-10 01:16:03</fechaCreacion>
                <notaId>86</notaId>
                <titulo>Boston City Flow.jpg</titulo>
                <linkDescarga>https://docs.google.com/uc?id=0B4SDkBteLMNhRi1LdUVZNHJ4YWM&amp;export=download</linkDescarga>
              </adjunto>
              <adjunto>
                <id>83</id>
                <googleDriveId>0B4SDkBteLMNhMFBRci1rajM5UnM</googleDriveId>
                <fechaCreacion>2013-01-10 01:16:03</fechaCreacion>
                <notaId>86</notaId>
                <titulo>Costa Rican Frog.jpg</titulo>
                <linkDescarga>https://docs.google.com/uc?id=0B4SDkBteLMNhMFBRci1rajM5UnM&amp;export=download</linkDescarga>
              </adjunto>
            </Adjuntos>
          </nota>
        </Notas>
      </agenda>
      <agenda>
        <id>509</id>
        <nombre>agenda tres</nombre>
        <fechaCreacion>2013-01-10 01:59:34</fechaCreacion>
        <fechaEdicion>2013-01-10 01:59:35</fechaEdicion>
        <usuarioId>74</usuarioId>
        <googleDriveId>0B4SDkBteLMNhNXp5WU5qZVNGbWM</googleDriveId>
        <Notas>
          <nota>
            <id>89</id>
            <titulo>nota 3</titulo>
            <texto>cvhbj</texto>
            <fechaCreacion>2013-01-10 02:03:30</fechaCreacion>
            <fechaEdicion>2013-01-10 02:03:31</fechaEdicion>
            <agendaId>509</agendaId>
            <googleDriveId>0B4SDkBteLMNhWEpTOEFULTVSdms</googleDriveId>
            <Etiquetas_Nota>
              <etiqueta>
                <id>25</id>
                <nombre>hbjnk</nombre>
                <fechaCreacion>2013-01-10 02:03:30</fechaCreacion>
                <fechaEdicion>2013-01-10 02:03:30</fechaEdicion>
                <usuarioId>74</usuarioId>
              </etiqueta>
              <etiqueta>
                <id>24</id>
                <nombre>tfyg</nombre>
                <fechaCreacion>2013-01-10 02:03:30</fechaCreacion>
                <fechaEdicion>2013-01-10 02:03:30</fechaEdicion>
                <usuarioId>74</usuarioId>
              </etiqueta>
            </Etiquetas_Nota>
            <Adjuntos>
              <adjunto>
                <id>84</id>
                <googleDriveId>0B4SDkBteLMNha29NMjA5RXB3WlU</googleDriveId>
                <fechaCreacion>2013-01-10 02:09:13</fechaCreacion>
                <notaId>89</notaId>
                <titulo>test.xml</titulo>
                <linkDescarga>https://docs.google.com/uc?id=0B4SDkBteLMNha29NMjA5RXB3WlU&amp;export=download</linkDescarga>
              </adjunto>
            </Adjuntos>
          </nota>
        </Notas>
      </agenda>
    </Agendas>
  </usuario>
</Usuarios>
